{"cameraMode":{"drawMode":0,"name":"Shaded","section":"Shading Mode"},"sceneLighting":false,"audioPlay":false,"sceneViewState":{"m_AlwaysRefresh":false,"showFog":false,"showSkybox":false,"showFlares":false,"showImageEffects":false,"showParticleSystems":false,"showVisualEffectGraphs":true,"m_FxEnabled":true},"in2DMode":false,"pivot":{"x":-0.8166381120681763,"y":1.1927976608276368,"z":-0.05136950686573982},"rotation":{"x":0.08420988917350769,"y":-0.000004710102530225413,"z":4.5277494109541296e-7,"w":0.996446967124939},"size":2.349763870239258,"orthographic":false}