{"cameraMode":{"drawMode":0,"name":"Shaded","section":"Shading Mode"},"sceneLighting":true,"audioPlay":false,"sceneViewState":{"m_AlwaysRefresh":false,"showFog":true,"showSkybox":true,"showFlares":true,"showImageEffects":true,"showParticleSystems":true,"showVisualEffectGraphs":true,"m_FxEnabled":true},"in2DMode":false,"pivot":{"x":0.13160257041454316,"y":4.887112617492676,"z":0.18566718697547913},"rotation":{"x":0.0029999923426657917,"y":-0.001499992678873241,"z":0.000004499991518969182,"w":0.9999943375587463},"size":4.39395809173584,"orthographic":false}