{"cameraMode":{"drawMode":0,"name":"Shaded","section":"Shading Mode"},"sceneLighting":false,"audioPlay":false,"sceneViewState":{"m_AlwaysRefresh":false,"showFog":true,"showSkybox":false,"showFlares":true,"showImageEffects":true,"showParticleSystems":true,"showVisualEffectGraphs":true,"m_FxEnabled":true},"in2DMode":false,"pivot":{"x":-0.07865500450134278,"y":5.952886581420898,"z":0.05696761608123779},"rotation":{"x":0.011999367736279965,"y":0.007499365136027336,"z":-0.00008999912824947387,"w":0.9998992681503296},"size":2.757544994354248,"orthographic":false}