{"cameraMode":{"drawMode":0,"name":"Shaded","section":"Shading Mode"},"sceneLighting":true,"audioPlay":false,"sceneViewState":{"m_AlwaysRefresh":false,"showFog":true,"showSkybox":true,"showFlares":true,"showImageEffects":false,"showParticleSystems":true,"showVisualEffectGraphs":true,"m_FxEnabled":true},"in2DMode":false,"pivot":{"x":0.8858109712600708,"y":1.2020069360733033,"z":5.780562877655029},"rotation":{"x":0.08418679982423783,"y":0.8564078211784363,"z":-0.147886723279953,"w":0.48748278617858889},"size":0.6964194178581238,"orthographic":false}