{"cameraMode":{"drawMode":0,"name":"Shaded","section":"Shading Mode"},"sceneLighting":false,"audioPlay":false,"sceneViewState":{"m_AlwaysRefresh":false,"showFog":true,"showSkybox":false,"showFlares":true,"showImageEffects":true,"showParticleSystems":true,"showVisualEffectGraphs":true,"m_FxEnabled":true},"in2DMode":false,"pivot":{"x":6.463321685791016,"y":11.485955238342286,"z":13.396858215332032},"rotation":{"x":0.07118509709835053,"y":-0.8475625514984131,"z":0.11771184206008911,"w":0.5125560164451599},"size":13.573204040527344,"orthographic":false}