{"cameraMode":{"drawMode":0,"name":"Shaded","section":"Shading Mode"},"sceneLighting":false,"audioPlay":false,"sceneViewState":{"m_AlwaysRefresh":false,"showFog":true,"showSkybox":false,"showFlares":true,"showImageEffects":true,"showParticleSystems":true,"showVisualEffectGraphs":true,"m_FxEnabled":true},"in2DMode":false,"pivot":{"x":-0.1367948204278946,"y":0.4039350152015686,"z":0.14499765634536744},"rotation":{"x":0.022391483187675477,"y":-0.9769291281700134,"z":0.1306016594171524,"w":0.1674918383359909},"size":0.31993138790130618,"orthographic":false}