{"cameraMode":{"drawMode":0,"name":"Shaded","section":"Shading Mode"},"sceneLighting":false,"audioPlay":false,"sceneViewState":{"m_AlwaysRefresh":false,"showFog":true,"showSkybox":false,"showFlares":true,"showImageEffects":true,"showParticleSystems":true,"showVisualEffectGraphs":true,"m_FxEnabled":true},"in2DMode":false,"pivot":{"x":-1.6665467023849488,"y":1.3723046779632569,"z":1.7057240009307862},"rotation":{"x":0.09269507974386215,"y":0.7252895832061768,"z":-0.0996214896440506,"w":0.6748618483543396},"size":0.8660253882408142,"orthographic":false}