{"cameraMode":{"drawMode":0,"name":"Shaded","section":"Shading Mode"},"sceneLighting":false,"audioPlay":false,"sceneViewState":{"m_AlwaysRefresh":false,"showFog":true,"showSkybox":false,"showFlares":true,"showImageEffects":true,"showParticleSystems":true,"showVisualEffectGraphs":true,"m_FxEnabled":true},"in2DMode":false,"pivot":{"x":0.13515804708003999,"y":4.647707462310791,"z":-0.5613135099411011},"rotation":{"x":0.06116032600402832,"y":-0.09865141659975052,"z":0.006074733566492796,"w":0.9932219982147217},"size":6.126054286956787,"orthographic":false}