{"cameraMode":{"drawMode":0,"name":"Shaded","section":"Shading Mode"},"sceneLighting":false,"audioPlay":false,"sceneViewState":{"m_AlwaysRefresh":false,"showFog":true,"showSkybox":false,"showFlares":true,"showImageEffects":true,"showParticleSystems":true,"showVisualEffectGraphs":true,"m_FxEnabled":true},"in2DMode":false,"pivot":{"x":0.28203022480010989,"y":0.5953059196472168,"z":-1.2788978815078736},"rotation":{"x":0.2266411930322647,"y":-0.08402800559997559,"z":0.019630197435617448,"w":0.9701446294784546},"size":0.8660253882408142,"orthographic":false}